,Drug_Name,Drug_ID
0,"10-0 Polyamide Double Armed Advanced Micro Point Spatula Needle Diameter 0.15mm, Length6.0mm,⅜Circle[S-29]",10107454
1,1/2 Circle Cutting Needle 30mm Monofilament Nylon 100cm Size-3-0[999999999],10107160
2,1/2 Circle Round Body 40mm Needle Chromic Catgut 100-110cm Size-1-0[S-25],10107195
3,1/2 Circle Round Body 40mm Needle Chromic Catgut 100-110cm Size-1[S-26],10107196
4,1/2 Circle Round Body 40mm Needle Chromic Catgut 100cm Size 1-0[999],10107158
5,1/2 Circle Round Body 40mm Needle Chromic Catgut 100cm Size 1[999999],10107159
6,1/2 Circle Round Body 40mm Needle Polyglactin 100cm Size -1-0[999],10106690
7,1/2 Circle Round Body 40mm Needle Polyglactin 100cm Size -1[999],10106689
8,1/2 Circle Round Body 40mm Needle Polyglactin 100cm Size -2-0[999],10106691
9,"1/2 Circle Round Body/Taper Point 40mm Neddle, Fast Acting Polyglactin-910, Single Foil, 100-110cm Size 1-0[S-24]",10107194
10,1/2 Circle Round Body/Taper Point 40mm Needle Polyglactin/ Lactomer Glycolide Lactide Copolymer 100-110cm Size 1-0[S-22],10107191
11,1/2 Circle Round Body/Taper Point 40mm Needle Polyglactin/ Lactomer Glycolide Lactide Copolymer 100-110cm Size-1[S-21],10107189
12,1/2 Circle Round Body/Taper Point 40mm Needle Polyglactin/Lactomer Glycolide Lactide Copolymer 100-110cm Size 2-0[S-23],10107193
13,"1/2 Circle Tapercut 35mm Needle,Fast Acting Polyglactin-910, Single Foil,110cm Size-2-0[999]",10106692
14,1/2 Circle Taper Point Ctx 48mm Monofilament Loop Size-0[999],10106703
15,1/2 Circle Taper Point Monofilament 122cm Loop Size-1[999],10106704
16,"30 Mm, 1/2 Circle Cutting Needle, 90 Cm      Size 2-0[S3]",10100245
17,"30 Mm, Heavy 1/2 Circle Round Bodied, 70 Cm,   Size 1[S4]",10100246
18,3/8 Circle Spatulated C S Ultima Double Needle 6mm.Polyamide Monofilament 30mm Size:10-0(Eye Suture)[999],10106775
19,3/8circle Spatulated C S Ultima Double Needle 6 Mm.Polyamide Monofilament 38 Cm Size: 8-0 (Eye Suture)[999],10106903
20,Absorbable Haemostatic Gelatin Sponge(Formaldehyde Free)Size 70 Mm*50mm*10 Mm[S-17],10106789
21,Absorbent Cotton Ip 100gm Pkt.[C1],10100262
22,Absorbent Gauze 90cmx18mtr. (F-2 Schedule )[C-1],10100263
23,Acetazolamide Tab. 250 Mg[M-3],10106750
24,Acetyl Salicyclic Acid Tab 75 Mg[M-4],10100001
25,Acyclovir 400mg Tab[M-5],10107067
26,Acyclovir Eye Ointment 3 % W/V[999],10106859
27,Acyclovir Tab Ip 200 Mg[136.1],10100002
28,Adhesive Tape U.S.P Size 5 Mtr X 10cms[66.345],10106667
29,Adhesive Tape U.S.P Size 5 Mtr X 5 Cms[C3],10100264
30,Adrenaline Inj  1mg/Ml[M-6],10100003
31,Airways (Pvc) Size 0[C-2],10106633
32,Airways (Pvc) Size 1[C-3],10106634
33,Airways (Pvc) Size 2[C-4],10106635
34,Airways (Pvc) Size 3[C-5],10106636
35,Airways (Pvc) Size:4[C-6],10107424
36,Airways (Pvc) Size:5[C-7],10107426
37,Albendazole Susp 200mg - 5ml[M-7],10100004
38,Albendazole Tab (400 Mg)[M-8],10100005
39,Albumin Bound Paclitaxel 100 Mg Inj[999],10106864
40,Alginate[999],10106871
41,Allopurinol 300mg Tab[999],10107089
42,Aluminium Hydroxide Dried Gel Tab 200mg+Magnesium Hydroxide 200 Mg+Simethicone[999],10106609
43,"Amikacin Sulphate Inj 100 Mg,[67.1]",10100006
44,Amikacin Sulphate Inj 500 Mg[M-10],10100007
45,Amino Acid Inj. 10 % 200ml With Electrolyte Or Without Electrolyte[999],10106758
46,Amino Acid Inj. 10 % 500ml With Electrolyte Or Without Electrolyte[M-223],10106759
47,Amino Acid + Vitamin Capsule[999],10107130
48,Aminophylline Inj  I.P 25 Mg/Ml[187.1],10100008
49,Amiodarone Hcl Inj 150mg/3ml[M-11],10100009
50,Amlodipine 10mg[999],10107016
51,Amlodipine Tab 5  Mg[M-1],10100019
52,Amoxycillin 125mg+Clauvanic Acid 31.25mg Syrup[999],10106658
53,Amoxycillin 200mg + Clavanic Acid 28mg Syrup[M-15],10107443
54,Amoxycillin 250mg+ Cloxacillin 250mg + Lactobacillus Spores 60 Million Cap/Tab[M-224],10107259
55,Amoxycillin Cap 250 Mg[54.1],10100014
56,Amoxycillin Cap 500 Mg[M-12],10100015
57,Amoxycillin + Clauvinic Acid -500mg + 125 Mg Tab[M-14],10100012
58,Amoxycillin + Clauvinic Acid Inj (1gm + 200 Mg)[M-13],10100013
59,Amoxycillin  Dispersible Tab 125mg[55.1],10100010
60,Amoxycillin  Dispersible Tab 250mg[55.2],10100011
61,Amoxycillin Dry Syp 125 Mg/5 Ml (60 Ml Bottle)[999],10100016
62,Amoxycillin Dry Syrup 250mg/5ml (60ml)[M-16],10107458
63,Amoxyclox Tab (Amoxycillin -250 Mg+Cloxacillin- 250 Mg))[999],10106566
64,Amphotericin B Injection[999],10107104
65,Ampicillin Anhydrous 500 Mg/Vial Inj[54.4],10100017
66,Ampicillin Cap 500 Mg[999],10106602
67,Ampicillin Oral Suspension 125 Mg/5 Ml[220.1],10100018
68,Anastrozole Tab 1mg[999],10106833
69,Antacid Chewable Contains Dried Aluminium Hydroxide Gel Ip 240 Mg Magnesium Hydroxide 100 Mg Magnesium Carbonate 60 Mg Simethicone 25 Mg Tab.[M-225],10107146
70,Antiallergic Eye Drops (Ketotifen 0.5 Mg)[219.1],10100021
71,Anti D-Immunoglobulin 150mcg Inj[M-226],10107263
72,Anti D-Immunoglobulin Inj 300 Mg[M-227],10106565
73,Anti Rabies Serum Ip(Equine)300 Units Per Ml[M-17],10107128
74,Anti Rabies Vaccine (Cell Culture) 2.5 Inj Iu/Dose 0.5ml[M-281],10107463
75,Anti Rabies Vaccine  (Cell Culture) 2.5 Inj Iu/Dose[M-18],10100020
76,"Aqueous Solution Of Haemocoagulose Isolated From Bothrops Atrex-Icu Sodium Chloride Ip-0.9 % W/V, Phenol Ip (As Preservative) -0.3 % W/V, Water For Injection I.P- Q.S Inj[219.2]",10100022
77,Ascorbic Acid Tab 500 Mg[M-19],10100023
78,Aspart Cartridge Refill 3ml(100 Iu/Ml)[999],10107077
79,Atenolol  Tab 50mg[M-2],10100024
80,"Atorvastatin Ca 10mg, Ip(Coated)[999]",10106889
81,"Atorvastatin Ca 20mg, Ip(Coated) Tab[M-20]",10107413
82,Atracurium Besylate Inj 10mg/Ml[M-21],10100025
83,Atropine Sulphate Inj  0.6 Mg/Ml[M-22],10100026
84,Azathioprine Tab 50mg[999],10106856
85,Azithromycin  Syp 100mg/5ml[M-23],10100027
86,Azithromycin Tab 250 Mg[73.2],10100028
87,Azithromycin Tab 500 Mg[M-24],10100029
88,Bacillocid Special 500ml[10011006],10100338
89,Bacillus Clausil -2 Billion Per 5 Ml Suspension[M-228],10106895
90,Balance Salt Solution For Ophthalmic Irrigation (500ml) Pps Pack/Non Pvc Pack[999],10107035
91,Base Plate[999999999],10106878
92,B Complex Tab[999],10106735
93,Benzathene Pencilin Inj 12lac Units-Vial[M-25],10100030
94,Benzocaine Chlorbutol Turpentine Oil And Paradichlorobenzene Ear Drops[M-219],10107445
95,Benzyl Benzoate Cream 25 %[999],10106755
96,Betamethasone 0.05 % Ip Cream[M-26],10107003
97,"Betamethasone Sod. Phosphate,I.P Inj  -  4 Mg Per 1 Ml[M-27]",10100031
98,"Betamethasone With Salisylic Acid Oint.  (Each Gram To Contain Betamethasone Dipropionate 0.64 Mg,  Salisylic Acid 30 Mg)[M-28]",10100032
99,Bicalutamide Tab 50mg[999],10106790
100,Bio Medical Waste Bags[999],10107315
101,Bisacodyl Tab 10 Mg[225.1],10100033
102,Bisacodyl Tab 5mg[M-29],10106752
103,Black Braided Silk 0[20004],10100325
104,Black Braided Silk 1[2000420005],10100326
105,Black Braided Silk 2-0[20006],10100327
106,Black Braided Silk 3-0[2000620007],10100328
107,Blade And Razor (Plastic Handle With Fitted Blade)[C-8],10100267
108,Blood Lancets[C-9],10106693
109,Blood Transfusion Set (Sterilized) Should Conform To Isi Standard[C-10],10100268
110,Bonding Agent[999999],10106872
111,Bortezomib Inj 2mg[999],10106793
112,Bortezomib Inj 3.5 Mg[999],10106791
113,Budesonide 100mcg+ Formoterol 6mcg Pmdi[999],10107115
114,Budesonide 100mcg Pmdi[999],10107121
115,Budesonide 200mcg+ Formoterol 6mcg Pmdi[999],10107116
116,Budesonide 200mcg Pmdi[999],10107122
117,Budesonide 400mcg+ Formoterol 6mcg Pmdi[999],10107117
118,Budesonide 400mcg Pmdi[999],10107123
119,Budesonide Respirator Solution (Budesonide 0.5mg/2ml)[M-30],10100034
120,"Bupivacaine 0.5 % Plain Injection (Bupivacaine Hcl, Ip)[M-31]",10106890
121,Bupivacaine Hydrochloride In Dextrose Monohydrate Inj Usp[M-32],10100035
122,Buprenorphine 0.4mg + Naloxone 0.1mg Ip Tab[M-283],10107257
123,Buprenorphine/Naloxone Combination Sublingual Tab. 2/0.5mg I.P.[M-284],10106646
124,Burnisher[999],10107062
125,Burs(Inverted)[999999],10106884
126,Burs(Inverted) Pyrex[999],10107055
127,Burs(Round)[999999],10106881
128,Burs(Round) Pyrex[999],10107052
129,Burs(Straight)[999999999],10106882
130,Burs(Straight) Pyrex[999],10107053
131,Burs(Tapering)[999],10106883
132,Burs(Tapering) Pyrex[999],10107054
133,C-19 1kva Ups With Battery For Ventilators[999],10107270
134,C19 Abg Plus Electrolyte Analyzer[19],10107231
135,C-19 Agva Ventilators[999],10107273
136,C19 Air Bed Mattress[19],10107241
137,C19 Alex Sf Syrup[1919191919],10107232
138,C 19 Aluminum O2 Cylinder Portable- B Type[999],10107349
139,C19 Ambubag Adult[1919],10107200
140,C19 Ambubag Child[191919],10107201
141,C19 Ambu Bag With Mask[19],10107249
142,C19 Amphoterecin B Deoxycholate Injection 50 Mg Per Vial[999],10107372
143,C-19 Anti Sars Cov-2 Lgg (Elisa Kits)[999],10107337
144,C19 Arv[19],10107233
145,C-19 Ascorbic Acid 2ml[999],10107287
146,C19 Azithromycin 250 Mg[19191919],10107202
147,C19 Azithromycin 500 Mg[19],10107224
148,C-19 Azithromycin 500 Mg Inj.[999],10107296
149,C19 Azithromycin Inj 1000 Mg[19],10107223
150,C19 Bain Circuit[19],10107243
151,C-19 Becosule Cap.[999],10107279
152,C-19 Budesonide 100 Mdi(100 Mcg/Dose)[999],10107322
153,C-19 Cb Naat Cov 2 Test Kit[999],10107300
154,C-19 Cefradine 500mg Cap[999],10107359
155,C-19 Ceftriaxon 500mg Inj[999],10107360
156,C19 Central Lines 16g Triple Lumen[19],10107199
157,C-19 Chlorpheniramine Maleate 4mg Tab[999],10107362
158,C19 Cotton Mask[191919],10107208
159,C-19 Cover All For Ppe Kit[999],10107275
160,C-19 Covid Care Kit[999],10107295
161,C-19 Covid Patient File[999],10107301
162,C-19 Danglers/Posters (2parts)[999],10107302
163,C19 Dead Body Cover[1919191919],10107216
164,C-19 Debal Oxygen Care System (Inc Nrm)[999],10107367
165,C-19 Debel Oxycare System With Electronic Unit[999],10107370
166,C19 Detol Soap Box[19],10107235
167,C-19 Dhaman Ventilator (Jyoti)[999],10107272
168,C19 Digital Thermometer[1919],10107207
169,C19 Disposable Bed Sheet[191919],10107229
170,C19 Disposable Gown/Overall[1919],10107226
171,C19 Disposable Pillow[19],10107234
172,C-19 Dobutamine Inj[999],10107286
173,C19 Dynaplast (Elastic Adhesive Tape)[1919],10107242
174,C-19 Enoxaparin Inj 0.4mg[999],10107290
175,C-19 Enoxaparin Inj 0.6mg[999],10107289
176,C19 Ett Stylet Large[191919],10107213
177,C19 Ett Stylet Medium[1919],10107212
178,C19 Ett Stylet Small[19],10107211
179,C19 Face Shield[19],10107225
180,C-19 Face Shield[999],10107274
181,C-19 Favipiravir Tab 200 Mg(Fabi Flu)[999],10107297
182,C-19  Ferric Carboxy Maltose[999],10107285
183,C-19 Fexofanadin 120 Mg Tab[999],10107363
184,C19 Gloves[19],10107221
185,C-19 Glucometer With Free Glucometer[999],10107329
186,C-19 Head Cap[999],10107330
187,C-19 Heparin Sodium (25000 Iu)/5ml Vial[999],10107333
188,C-19herarin Sodium Inj (25000iu)/5ml Vial[999],10107320
189,C19 Hme[19],10107245
190,C-19 Human Insulin 3ml Cartridge[999],10107334
191,C19 Hydroxy Chloroquine[19],10107227
192,C19 Infrared Thermometer[19],10107237
193,C-19 Infrared Thermometer[999],10107276
194,C 19 Infusion Pump - Khalsa Aid[999999],10107350
195,C19 Injection Dexamethasone Sodium Phosphate Ip[19],10107251
196,C-19 Inj. Tocilizumab 80mg[999],10107353
197,C 19 Itolizumab 100 Mg Inj.[1919],10107323
198,C-19 Itrazole 200 Mg Cap[999],10107328
199,C19 Kurta Payjama[19],10107239
200,C19 Laryngoscope Adult[19],10107219
201,C-19 Laryngoscope Adult[999],10107331
202,C19 Laryngoscope Child[1919],10107222
203,C-19 Levosalbutrmol And Ipratropium Bromide Respules[999],10107269
204,C-19 Lipsomal Amphotericin B Inj[999],10107366
205,C-19 Liquid Oxygen Container 450lt[999],10107338
206,C19 Mask Tl[19],10107210
207,C-19 Meropenem 1gm Inj[999],10107368
208,C-19 Methyl Prednislone 1gm[999],10107283
209,C-19 Methyl Prednislone 40mg[999],10107284
210,C-19 Metronidazole Iv Infusion 500 Mg[999],10107356
211,C-19 M Niteral Gloves (Pair)[999],10107281
212,C-19 Montelukast 10 Mg Tab[999999],10107357
213,C-19 Multicolour Broucher 8x11[999],10107268
214,C 19 Multipara Monitor - Allengers[999999],10107344
215,C-19 Multivitamin Inj[999],10107288
216,C19 N-95 Mask[19],10107209
217,C 19 Nasal O2 Cannula - Adult[999999999],10107348
218,C 19 Nasal O2 Cannula - Pediatrics[999999],10107347
219,C19 Nebuliser Mask With Chamber[1919],10107246
220,C19 Nebulizer[19],10107244
221,C19 Niv Mask[19],10107247
222,C-19 Non Rebreathing Mask(Nrb/Nrm)[999],10107280
223,C-19 Nor Adrenaline Inj. (Novacare 2ml)[999],10107282
224,C-19 Omperazole 20 Mg Cap[999],10107361
225,C-19 Oral Rehydration Salts [999999999],10107358
226,C19 Oxygen Concentrator[999],10107317
227,C-19 Oxygen Concentrator Spare Part[999999999],10107365
228,C-19 Oxygen Conserver[999],10107335
229,C 19 Oxygen Cylinder B Type[1919],10107318
230,C 19 Oxygen Cylinder D Type[19191919],10107319
231,C19 Oxygen Cylinder Stand B Type[1919191919],10107203
232,C19 Oxygen Cylinder Stand D Type[19],10107205
233,C19 Oxygen Flow Meter[19191919],10107253
234,C-19 Oxygen Ventilator With Adaptor (E700 Automatic Transport Ventilator)[999],10107325
235,C-19 Pentaprazole 40mg Inj[999],10107299
236,C-19 Piperacillin 4gm + Tazobactum 0.5gm Inj[999],10107352
237,C-19 Posaconazole 100 Mg Tab[999],10107332
238,C19 Ppe Kit[19],10107204
239,C19 Propofol Inj. 20 Ml[1919],10107250
240,C19 Pulse Oximeter[19],10107238
241,C-19 Pulse Oxymeter For Covid Care Kit[999],10107294
242,C19 Rapid Testing Kit[1919],10107236
243,C-19 Remdesivir 100mg[999],10107291
244,C-19 Renitidine 25mg/2ml Inj[999999],10107364
245,C-19 Resmed Aircurve 10 St Usa[999],10107355
246,C-19 Resmed Airfit F20 Med-Amer[999],10107354
247,C-19 Respirator Ventway Sparrow[999],10107326
248,C19 Safety Eye Wear Goggles[19191919],10107230
249,C-19 Safety Eye Wear Goggles[999],10107293
250,C19 Sanitizer 180 Ml[19],10107214
251,C-19 Sanitizer 250 Ml[999],10107278
252,C19 Sanitizer 500 Ml[19],10107217
253,C-19 Sanitizer 5 Lt[19],10107218
254,C19 Shoe Covers[19],10107228
255,C-19 Sodium Hypochloride Solution[999],10107277
256,C-19 Solution Hypochlorite[19],10107220
257,C19 Surgical Gloves[19],10107240
258,C19 Swab Sticks[19191919],10107215
259,C19 Syringe 50 Ml[19],10107248
260,C19 Tab Doxovent 400 Mg[19],10107255
261,C19 Tab Lopinavir And Ritonavir[19],10107254
262,C-19 Tocilizumab 400mg/20ml[999],10107369
263,C-19 Truenat Duplex[999],10107324
264,C-19 Trunat Sars Kit[999],10107292
265,C19 Vecuronium Bromide Inj. 10 Mg[191919],10107252
266,C 19 Ventilator - Resmed[999],10107343
267,C-19 Ventilators (3 Parts)[999],10107336
268,C-19 Ventilators With Ups 5 Parts[999],10107271
269,C 19 Venturi Mask - Adult[999],10107346
270,C 19 Venturi Mask - Pediatrics[999999999],10107345
271,C-19 Ventway Sparrow[999],10107327
272,C-19 Voltage Transformer( Step Upand Down)[999],10107321
273,C19 Vtm Bottles[19],10107206
274,Caffine Citrate Oral Suspension[M-229],10107264
275,"Calcium  (Calcium Carbonate 1.25 Gm Equivalent To 500 Mgs Of Elemental Calcium , Cholecalciferol (Vit D-3 Staboosed) 250 Iu Tab[M-34]",10100036
276,Calcium Elemental Calcium 150 Mg(In The Form Of Calcuim Hydroxide And Calcuim Oxide)Cap.[999],10106769
277,"Calcium Gluconate, Inj I.V. 10 Ml Amp Cotaining 10 % Calcium Gluconate[M-36]",10100037
278,Calcium Hydroxide Paste 2 Syringes (2gm Syringes Each)[999],10107041
279,Calcium Hydroxide With 10doform Paste[999],10107056
280,Calcium Syrup 200mg/5ml[M-35],10107406
281,Cannula Fixator[C-143],10106554
282,Capecitabine Tab 500mg[999],10106832
283,Capnea Inj[999],10107101
284,Capnea Syp[999],10107102
285,Cap. Venlor ?Xr 75[1001],10100337
286,Carbamezapine Tab 200 Mg[M-37],10100038
287,Carboplatin Inj 600mg[999],10106804
288,Carboprost Tromethamine Inj  250mcg / Ml[M-38],10100039
289,Carboxy Methyl Cellulose Eye Drops 10ml Vial[M-39],10107141
290,Cataract Instrument Sets[999],10107037
291,Catract Surgery Set[999],10106951
292,Cefaclor 500mg Cap. Contains: Cefaclor Ip Eq. To Anhydrous Cefaclor  Exciplents[999],10107400
293,Cefixime Tab 200 Mg[M-40],10100040
294,Cefoparazone Inj  1gm[M-41],10100041
295,Cefotaxime Inj 1 Gm[M-231],10106572
296,Cefotaxime Inj 250 Mg[M-230],10106592
297,Cefotaxime Inj 500 Mg[999],10106593
298,Cefpodoxime Tab 200 Mg[M-42],10100042
299,Ceftazidime Inj 250mg[62.1],10100043
300,Ceftazidime Inj 500mg[62.2],10100044
301,Ceftazidine Inj 250 Mg[999],10106547
302,Ceftriaxone 1gm + Sulbactum  Inj  500mg[M-232],10100045
303,Ceftriaxone Inj 1gm[M-43],10100046
304,Ceftriaxone Inj 250 Mg[57.2],10100047
305,Cefuroxime 500mg+ Clauvinic Acid 125mg Tab[M-44],10107383
306,Cefuroxime Axetil Tab 250 Mg[57.1],10100048
307,Cefuroxime Axetil Tab 500 Mg[M-45],10100049
308,Celecoxib Tab 200mg[999],10106855
309,Cephalexin Dispersible Tab 250 Mg[59.2],10100050
310,Cetrizine Hcl Drop 10mg/1ml[999],10106753
311,Cetrizine Hcl Tab 10 Mg[37.1],10100051
312,Cetrizine Syp 5mg/5ml[M-46],10100052
313,Cetuximab Inj 500mg[999],10106803
314,Chloramphenicol Eye Ointment[342.1],10100053
315,Chlordiazepoxide Tab 10mg[M-47],10100054
316,Chlorhexidine + Beclomethasone Crem I.P(1% + 0.025%) W/W[999],10107256
317,Chlorhexidine Gluconate Sol. 0.2 %[M-48],10100055
318,"Chlorhexidine With Cetrimide 7.5 % V/V + 15 % W/V, Isopropyl Alchohal 7 % V/V Sol.[399.1]",10100056
319,Chlorine Pellets 0.5 Gm[999],10106861
320,Chloroambucil Tab 5mg[999],10106792
321,Chloroquine Phosphate Tab 250 Mg[131.1],10100057
322,Chlorpromazine Hcl Inj 25mg/Ml[M-49],10100058
323,Chlorpromazine Tab 50 Mg[385.2],10100059
324,Chlorthalidone 12.5mg Tab[M-50],10107017
325,Cholecalciferol 60000 Iu[M-51],10107074
326,"Chromic Catgut 20 Mm , ½ Circle Round Body 76cm. Size: 3-0[999]",10107175
327,"Chromic Catgut 20mm, 1/2 Circle Round Body, 76cm Size 3-0[S-8]",10100243
328,"Chromic Catgut 30 Mm , ½ Circle Round Bodied 76cm. Size:-1-0[S5]",10100247
329,"Chromic Catgut 36 Mm ,Double Arm ½ Circle Round Bodied And  ½ Circle Reverse Cutting  152cm. Size:-2-0[S6]",10100248
330,"Chromic Catgut 40 Mm, 1/2 Heavy Circle Round Bodied 75 Cm-90 Cm Size:-1-0[S-9]",10107183
331,Chromic Catgut 40mm ½ Heavy Circle Round Bodied  76cm Size:-1-0[S8],10100250
332,"Chromic Catgut 40 Mm , Heavy ½ Circle Round Bodied 76cm. Size:-1[S7]",10100249
333,Chromostat Inj.[369.1],10100060
334,"Cinnarizine 75mg,Ip (Uncoated)Tab[999]",10106997
335,Cipro 0.3 % + Dexa 0.1 % Eye Drops[M-52],10100061
336,Ciprofloxacin 0.3 % Eye Drops[M-53],10107040
337,Ciprofloxacin Coated  Tab 250 Mg[69.1],10100062
338,Ciprofloxacin Coated Tab 500mg[M-54],10100063
339,Ciprofloxacin I.V. 200mg /100 Ml[M-104],10100064
340,Ciprofloxacin Opthalmic Oint 0.3%[M-55],10107408
341,Ciprofloxin 500mg+Tinidazole 600 Mg Tab[M-233],10106568
342,Cisplatin Inj 10mg[999],10106805
343,Cisplatin Inj 50mg[999],10106800
344,Clindamycin 600mg Inj[M-234],10107265
345,Clobetasol 0.05 % + Salicysalic Acid 3 % V/V Cream/Ointment[M-56],10100065
346,Clonazepam Tab 0.5 Mg[M-57],10100066
347,Clonazepam Tab 1 Mg[M-58],10100067
348,Clonazepam Tab 2 Mg[999],10106754
349,Clonidine 0.1 Mg[M-59],10107020
350,Clonidine Tab 0.1 Mg[9999],10100068
351,Clopidogrel 75mg Tab[M-60],10107081
352,Closed Wound Suction Set (Size-10)[999],10106706
353,Closed Wound Suction Set (Size-12)[999],10106707
354,Closed Wound Suction Set (Size-14)[C-11],10106708
355,Closed Wound Suction Set (Size-16)[C-12],10106709
356,Closed Wound Suction Set (Size-18)[C-13],10106710
357,Clostidium Butyrcum+Bacillus Mesentericus+Strep Faeecalis+Lactobacillus Sporegens[999],10107111
358,Clotrimazole + Beclomethasone Cream Ip (1% + 0.025%) W/W 10 Gm Tube[M-61],10107305
359,Clotrimazole + Betamethasone Oint./Cream (1 % + 0.05 %)[317.1],10100069
360,Clotrimazole + Clindamycin Vaginal Pessaries[M-235],10107450
361,Clotrimazole Cream 1 %[317.2],10100070
362,Clotrimazole Oral Gel 15ml[999],10106677
363,Clotrimazole Vaginal Pessaries 100 Mg With Applicator[M-62],10100071
364,Clozapine Tab 25 Mg[D1],10100310
365,Condensor[999],10107060
366,Cord Clamp[C-144],10100269
367,Co-Trimaxazole(Sulphamethozazole 800mg + Trimethoprim 160mg)Ip(Uncoated) Tab[999],10106888
368,Cotrimoxazole (Paediatrics)Trimethoprim 40mg + Sulphamethoxazole 200mg / 5ml Syp[53.3],10100072
369,Cotrimoxazole (Paed.) I.E. Trimethoprim Ip 20 Mg + Sulphamethoxazole Ip Tab 100 Mg[D2],10100311
370,Cotrimoxazole S.S Trimethoprim 80mg + Sulphamethoxazole 400mg Tab[M-63],10100073
371,Cotrimoxazole Tab (Pediatric)[53.1],10100074
372,Cotton Wool Absorbent I.P 500 Gm Pack[C-16],10100270
373,"Cough Syrup Containing Codeine Phosphate 10mg/5ml,Cpm 4mg/5ml[1234]",10100332
374,"Cough Syrup: Each 5ml To Contain Dextromethorphan Hcl/Hbr 10mg, Phenylephrine 5mg And Cpm 2mg[M-64]",10100075
375,Crepe Bandage 10cmx4mtr.[C-17],10100271
376,Crepe Bandage 15cmx4mtr[C-18],10100272
377,Cuffed Endotracheal Tubes Non Toxic Size:4.5mm[C-21],10107168
378,Cuffed Endotracheal Tubes Non Toxic Size:5.0mm[C-22],10106840
379,Cuffed Endotracheal Tubes Non Toxic Size:5.5mm[C-23],10106841
380,Cuffed Endotracheal Tubes Non Toxic Size:6.0mm[C-24],10106842
381,Cuffed Endotracheal Tubes Non Toxic Size:6.5mm[C-25],10106843
382,Cuffed Endotracheal Tubes Non Toxic Size:7.0mm[C-26],10106844
383,Cuffed Endotracheal Tubes Non Toxic Size:7.5mm[C-27],10106845
384,Cuffed Endotracheal Tubes Non Toxic Size:8.0mm[C-28],10106846
385,Cuffed Endotracheal Tubes Non Toxic Size:8.5mm[999],10106847
386,Cuffed Endotracheal Tubes Non Toxic Size:9.0mm[999],10106848
387,Cuffed Endotracheal Tubes. (Pvc) Size 5.5mm[999],10106650
388,Cuffed Endotracheal Tubes. (Pvc) Size 5mm[C-20],10106649
389,Cuffed Endotracheal Tubes. (Pvc) Size 8.0 Mm[999],10106655
390,Cuffed Endotracheal Tubes. (Pvc) Size 8.5 Mm[999],10106656
391,Cuffed Endotracheal Tubes. (Pvc) Size 9 Mm[999],10106657
392,Cuffed Endotracheal Tubes. Size 2.5 Mm[C-98],10106647
393,Cuffed Endotracheal Tubes. Size 3mm[999],10106648
394,Cyclophosphamide 50 Mg Tab[999],10106865
395,Cyclophosphamide Inj 1gm[999],10106807
396,Cyclophosphamide Inj 200mg[999],10106801
397,Cyclophosphamide Inj 500mg[999],10106806
398,Cytarabine Inj 100mg[999],10106802
399,Dacarbazine Inj 100mg[999],10106813
400,Dacarbazine Inj 200mg[999],10106814
401,Dacarbazine Inj 500mg[999],10106815
402,Daclatasvir 30mg[999],10107127
403,Daclatasvir 60mg Tab[999],10106892
404,Dark Goggles[C-29],10107432
405,Deferasirox 500mg Tab[999],10107138
406,Dexamethasone 0.5mg Tab[M-65],10100077
407,Dexamethasone Sodium Phosphate Inj  4mg/ Ml[M-66],10100076
408,Dextrose (25 % )100ml[M-105],10107021
409,Dextrose (25 % ) 20ml[260.3],10100078
410,Dextrose I.V. 10 %[M-108],10100079
411,Dextrose I.V. 5 %[M-109],10100080
412,Dextrose Saline I.V.  5 % W/V To 0.9 % W/V[M-110],10100081
413,Diazepam  Inj 5 Mg/Ml[M-67],10100082
414,Diazepam Tab 5 Mg[M-68],10100083
415,Diclofenac Sodium 50mg + Serratiopeptidase 10 Mg Tab[156],10100084
416,Diclofenac Sodium Inj 25mg/Ml[M-69],10100085
417,Diclofenac Sodium Tab 50 Mg[43.2],10100086
418,Dicyclomine 10mg + Mefenamic Acid 250 Mg Tab[M-70],10107444
419,Dicyclomine Hcl  Inj  10mg/Ml[M-71],10100087
420,Dicyclomine Hcl Tab (10 Mg)[371.1],10100088
421,Dicyclomine Oral Ip 10 Mg Solution[M-72],10100089
422,Digoxin Tab[999],10106664
423,Dinoprostone Gel[M-236],10107261
424,Diopter +15.0[999999999],10106931
425,Diopter +16.0[999],10106932
426,Diopter +17.0[999999],10106933
427,Diopter +18.0[999999999],10106934
428,Diopter +19.0[999],10106935
429,Diopter +19.5[999],10106936
430,Diopter +20.0[999],10106937
431,Diopter +20.5[999999],10106938
432,Diopter +21.0[999],10106929
433,Diopter +21.5[999999],10106930
434,Diopter +22.0[999],10106939
435,Diopter +22.5[999],10106940
436,Diopter +23.0[999],10106941
437,Diopter +23.5[999],10106942
438,Diopter +24.0[999],10106943
439,Diopter +24.5[999999],10106944
440,Diopter +25.0[999],10106945
441,Diopter +26.0[999],10106946
442,Diopter +27.0[999],10106947
443,Diopter +28.0[999],10106948
444,Diopter +29.0[999],10106949
445,Diopter +30.0[999],10106950
446,"Disinfectant Bath For Instruments, Drills And Endoscopes[999]",10107267
447,"Disinfectant Each 100 Gm Contains 1,6 Dihydroxy 2,5 Diaxahexane 11.2gm, Glutaraldehyde 5 Gm, Benzal Konium Chloride 5 Gm, Alkyl Urea Derivative 3 Gm.[C13]",10100274
448,Disposable Chest Electrodes[C-31],10106744
449,Disposable Examination Gloves Latex Free Size 6.5[C-33],10106761
450,Disposable Examination Gloves Latex Free Size 6[C-32],10106760
451,Disposable Examination Gloves Latex Free Size 7.5[C-35],10106763
452,Disposable Examination Gloves Latex Free Size 7[C-34],10106762
453,Disposable Examination Gloves Latex Free Size 8[C-36],10107429
454,Disposable Examination Gloves Latex Free Size ( Non-Sterile)[C14],10100275
455,Disposable Face Mask Double Layered.[C15],10100276
456,"Disposable Face Mask Three Layered Of Non-Woven Material With Nose Piece 75 Gsm,Bis/Isi Approved 98%[C-37]",10107438
457,Disposable Insulin Pen[999],10107078
458,Disposable Mtp Plastic Suction Cannula No.10[C-38],10106749
459,Disposable Mtp Plastic Suction Cannula No. 12[999],10107029
460,Disposable  Mtp Plastic Suction Cannula No.6[C-39],10106746
461,Disposable Mtp Plastic Suction Cannula No.8[C-41],10106747
462,Disposable Needle Size 18g[C-145],10106773
463,Disposable Needles Size 22g  X1 1/2[C18],10100279
464,Disposable Needles Size 23g X1[999],10106683
465,Disposable Needles Size  23 X1 1/2[C-43],10100277
466,Disposable Needles Size  24 G X 1[C17],10100278
467,Disposable Needles Size 26x1/2[C-44],10106666
468,Disposable Oxygen Mask (Adult)[C-146],10106549
469,Disposable Suction Tube With Tip[C-46],10106705
470,Disposable Syringes 10ml With Needle 18g[999],10106555
471,Disposable Syringes With Needles 10 Ml With Needle Size No.23[999],10106682
472,Disposable Syringes With Needles 20ml With Needle Size No. 18[C20],10100281
473,Disposable Syringes With Needles 2 Ml With Needle Size No.23[C19],10100280
474,Disposable Syringes With Needles 5ml With Needle Size No.23[C21],10100282
475,Disposable Syringe Without Lock 10ml(18g)[C-47],10107430
476,Disposable Syringe Without Lock 1ml (26g)[C-48],10107427
477,Disposable Syringe Without Lock 20ml (18g)[C-50],10107421
478,Disposable Syringe Without Lock 2ml (24g)[C-49],10107420
479,Disposable Syringe Without Lock 5ml (22g)[C-51],10107428
480,Distant Vision Drum[999],10107163
481,Disulfiram Tab 250 Mg[999],10106618
482,Docetaxel Inj 120mg[999],10106829
483,Docetaxel Inj 80mg[999],10106828
484,Domperidone30mg Cap. + Rabeprazole Sodium 20mg[M-237],10107154
485,Domperidone+Rabeprazole Sodium Salt Cap. 30mg[999],10106676
486,Domperidone Syp 5 Mg / 5 Ml[M-74],10100090
487,Domperidone Tab 10 Mg[M-73],10100091
488,Dopamine Inj 200mg/5ml[M-75],10100092
489,Doxorubicin Inj 10mg[999999],10106794
490,Doxorubicin Inj 50mg[999999999],10106795
491,Doxycycline Cap 100mg Hcl Ip[M-76],10106564
492,Doxylamine Succinate 10 Mg  + Pyridoxione Hcl 10 Mg Tab[M-238],10100093
493,Doxy Succinate Tab[999],10107108
494,Drop Paracetamol 100mg/Ml With Dropper[M-160],10107135
495,Drotaverine Inj 40 Mg/2ml[M-239],10106571
496,Dual Hiv And Syphilis Kits For Pregnant Women[999],10107351
497,Edta Gel[999],10107059
498,Elastic Adhseive Bandage Lonoline Free Streach Nlt 60 % Size 10cm X 4mt[C-52],10100283
499,"Electronic Equipment Disinfectant Spray(Each 100gms Contains: Ethanol 10.0g,2-Propanol 9.0g And 1-Propanol 6.0g)[C-53]",10106687
500,Enalpril Tab 2.5 Mg[160.1],10100094
501,Enlarge Blade 5.2mm[999],10106907
502,Enoxaparin 40mg Inj[M-78],10107388
503,Entecavir 0.5mg Tab[999999],10107308
504,Entecavir 1 Mg Tab[999999999],10107309
505,Epirubicin Inj 100mg[999],10106816
506,"Erythromycin Stearate Tab 250mg,[74.1]",10100095
507,Erythromycin Tab 500 Mg[M-240],10106601
508,Escitalopram Tab 10 Mg[M-79],10100096
509,Etching Gel[999],10106873
510,Ethamsylate 250mg/2ml Inj.[999],10106680
511,Ethibond Size:- 1  With Curve Cutting Needle[S9],10100251
512,Etophyline And Theophyline Tab 77 Mg + 23 Mg[M-80],10100097
513,Etoposide Cap 100mg[999],10106796
514,Etoricoxi B 90mg Tab[M-81],10107090
515,Eye Drapes[C-54],10107414
516,Eye Lubricant Comod Without Preservative[999],10107070
517,Face Mask Three Layered[C23],10100284
518,Famotidine 40 Mg Tab[999],10106681
519,Febuxostat 40mg Tab[M-9],10107442
520,Fedding Tubes(Infant) Pvc Size: 8mm[C-56],10107459
521,Feeding Tubes (Infant) P.V.C. Non Toxic X-Ray Opaque F Line Sterilized Disposable Pyrogen Free Size Various Sizes[C-55],10100285
522,Fenofibrate 160[999],10107071
523,Fentenyal 50mcg/Ml Inj.[M-145],10107446
524,Feracrylum Gel 1% W/V[999],10107402
525,Ferric Carboxymaltose 100 Mg/2 Ml Inj[999],10107399
526,Flowable Composite[999999999],10106875
527,Flubiprofin Eye Drops 0.03%[M-84],10107403
528,Flucinolone Aceteonide 0.1 % Ointment Containing[M-241],10106771
529,Fluconazole 150 Mg Capsule[M-82],10100099
530,Fluconazole Inj 20mg/1ml[999],10106563
531,Flunarizine 10 Mg Tab[999],10107084
532,Fluoxetine Cap 20 Mg[M-83],10100098
533,Fluphenazinc Decanoate Inj. 25 Mg/Ml[D3],10100312
534,Fluticasone 125+ Salmetorial 12.5 Pmdi[999],10107118
535,Fluticasone 250+ Salmetorial 25 Pmdi[999],10107119
536,Fluticasone 500+ Salmetorial 50 Pmdi[999],10107120
537,Fluticasone Inhaler[999],10107392
538,Foldable Acrylic Hydrophilic Iol[999],10107036
539,Folic Acid Tablet (5mg Each) Ip[M-85],10100100
540,Folinic 50mg Inj[999],10107099
541,"Folleys Catheter 12, 2 Way Sterile[C-57]",10106721
542,"Folleys Catheter 14, 2 Way Sterile[C-58]",10106589
543,"Folleys Catheter 16, 2way Sterile[C-59]",10106590
544,"Folleys Catheter 18, 2way Sterile[C-60]",10106591
545,Formaldehyde I.P. 500 Ml[C26],10100287
546,Formaldehyde Solution   37 %[424.2],10100101
547,Formoterol Inhaler[999],10107394
548,Framycetin Sulphate I.P 1 % W/W 100 Gm[999],10106673
549,Framycetin Sulphate I.P 1 % W/W 30gm[M-86],10106672
550,Frusemide Ip Inj 10mg/Ml[M-88],10100102
551,Frusemide Tab 40 Mg[M-87],10100103
552,"Fumigation And Fogging For Ot, Labour Room Each Containing 100g Dimethanol 14.1g Glutaraldehyde 5.0g[C-61]",10107027
553,Furazolidone Susp 25 Mg/5ml[324.1],10100104
554,Furazolidone Tab Ip 100 Mg[121.1],10100105
555,Fusidic Acid 2 % Ip Cream[M-89],10106887
556,Gama Benzene Hexachloride 1% Cream[M-242],10107262
557,Gama Benzene Hexachloride 1 % Lotion[333.1],10100106
558,Gel Antacid[M-90],10107005
559,Gemcitabine Inj 1000mg[999],10106797
560,Gemcitabine Inj 200mg[999],10106808
561,Gentamycin 0.3 % Eye/Ear Drops[789.37],10100107
562,Gentamycin 2ml Injection[M-91],10107447
563,Gentamycin Inj. 80 Mg[999],10106669
564,Gention Violet Paint 1 % Bp/Usp[66.1],10100108
565,Glargine 100 Iu Long Lasting Insulin[999],10107401
566,Glargine Prefilled Cartridge(300 Iu/Ml)[999],10107076
567,Glass Ionomer Filling 3m[999],10107049
568,"Glass Ionomer Filling Material (Make- 3m, Gc Fuji, Chemflex, Master Dent Sofu And Dpi)[999]",10106876
569,Glass Ionomer With Silver[999999],10106869
570,Glibenclamide Tab 5 Mg[178.4],10100109
571,Glimepride 2mg + Metformin 500mg Er+ Pioglitazone 15mg Tab[999],10106661
572,Glimepride 2mg + Metformin 500mg Er/Sr Tab[999],10106660
573,Glimipride 1mg Tab[M-92],10107375
574,Glimipride Tab 2 Mg[M-93],10100110
575,Glutaraldehyde 2.45% With Activator Solution 5 Ltr.[999],10107415
576,Gluteraldehyde Sol. I.P 2 %[267.2],10100111
577,Glycerin[340.1],10100112
578,Glyceryl Trinitrate Control Released 2.6 Mg Tab[M-94],10107080
579,Glycopysolate Usp Inj  0.2 Mg/Ml[M-95],10100113
580,Gp Point Assorted[999],10106880
581,Gp Point(Assorted) Pyrex[999],10107051
582,Granisetron Inj 3mg-3ml[999],10106824
583,Green Stick[999999],10106874
584,Haemostatic Titanium Liga Clips Lt 300[S-19],10100252
585,Haloperidol  Inj 5mg /Ml[M-96],10100114
586,Haloperidol Tab. 5 Mg[999],10106637
587,Halothane[M-97],10100115
588,Hand And Skin Disinfectant[999],10107092
589,Hand Sanitizer Alcohol Based Unit Pack Size Bottle Of 500 Ml[999],10107373
590,Hard Surface Disinfectant-A (Packing 1 Ltr.)[999],10107025
591,Hbv Rapid[999],10106732
592,Hcg 2000 Iu Inj[M-243],10107451
593,Hcg 5000 Iu Inj[M-244],10107452
594,Hcv Rapid[999],10106734
595,Heparin 25000 Iu/Ml (1ml)[999],10107091
596,Heparin Sodium Inj. Ip 5000 Iu/Ml (Im/Iv Use)[M-98],10100116
597,Hepatits B Rapid Kit[999],10107306
598,Hep B Immunoglobuline[999],10107109
599,High Flow Nasal Canulas (Two Parts) C-19[999],10107316
600,Hiv Rapid[999],10106733
601,Human Insulin Plain Inj 40 Iu/Ml[M-99],10100117
602,Hyaluronidase Inj 1500 Iu/Ml[M-100],10107405
603,Hydrochlorthiazide 12.5mg Tab[999999],10106665
604,Hydrocortisone Sodium Succinate Inj 100mg[M-101],10100118
605,Hydrogen Peroxide10% Ip Sol.[M-102],10107448
606,Hydrogen Peroxide Sol. 20 Vol[420.1],10100119
607,Hydrogen Peroxide Usp 3.0 % W/V Base Qs[999],10107152
608,Hydroxy Ethyl Starch 500ml[999],10107407
609,Hydroxyprogrestrone Caporate 250 Mg Inj[M-245],10107453
610,Hydroxypropyl Methyl Cellulose Opth. Sol. Usp[999],10106910
611,Hydroxy Urea 500mg Cap[999],10106863
612,Hyocine Butyl Bromide Inj 20mg/Ml[M-103],10100120
613,Hyoscine Butyl Bromide Tab 10 Mg[408.1],10100121
614,Hypoallergenic Paper Backing Tape Size :25mm X 9 Mtr[C-64],10106694
615,Hypoallergenic Paper Backing Tape Size :50mm X 9 Mtr[C-65],10106684
616,Ibuprofen Coated Tab 400 Mg[M-113],10100122
617,"Ifa(Large), Ferrous Iron 100mg And Folic Acid Ip 0.5mg Tab[304.2]",10100124
618,Ifa(Small) Containing Ferrous Iron 20mg And Folic Acid Ip 0.1mg Tab[314.1],10100125
619,Ifa (Syrup)100mg Per 5ml Of Ferrous Sulphate And 0.5mg Of Folic Acid Per 5 Ml[304.1],10100123
620,Imatinib Mesylate Cap/Tab 400mg[999],10106830
621,Imatinib Tab 100mg[999],10106835
622,Imipenem Inj. 1 Gm +Cilastatin 1 Gm[999],10106598
623,Imipenem Inj. 250 Gm +Cilastatin 250 Mg[999],10106596
624,Imipenem Inj. 500 Gm +Cilastatin 500 Mg[999],10106597
625,Impression Compound[999],10106879
626,Infusion Set Single Use[C-71],10100290
627,Inj. Ketamine Hydrochloride 50mg/Ml[M-121],10107136
628,Inj. Oytocin 5 Iu/Ml[123.125],10100239
629,Inj. Phenobarbitone 30mg/Ml[1002],10100334
630,Inj. Tachyra   3ml[10031004],10100336
631,Inj. Tranexic Acid 5ml[1003],10100335
632,"Insulin Syringe 1 Ml , 26 Gauze[C-150]",10106556
633,Intraocular Lens-101 15.00d[999],10106952
634,Intraocular Lens-101 16.00d[999],10106953
635,Intraocular Lens-101 17.00d[999],10106954
636,Intraocular Lens-101 18.00 D[999],10106993
637,Intraocular Lens-101 19.00 D[999],10106994
638,Intraocular Lens-101 19.50 D[999],10106965
639,Intraocular Lens-101 20.00d[999],10106955
640,Intraocular Lens-101 20.50 D[999],10106966
641,Intraocular Lens-101 21.00d[999],10106956
642,Intraocular Lens-101 21.50 D[999],10106967
643,Intraocular Lens-101 22.00 D[999],10106995
644,Intraocular Lens-101 22.50 D[999],10106968
645,Intraocular Lens-101 23.00d[999],10106957
646,Intraocular Lens-101 23.50 D[999],10106969
647,Intraocular Lens-101 24.00d[999],10106958
648,Intraocular Lens-101 24.50 D[999],10106970
649,Intraocular Lens-101 25.00d[999],10106959
650,Intraocular Lens-101 26.00 D[999],10106960
651,Intraocular Lens-101 27.00 D[999],10106961
652,Intraocular Lens-101 28.00 D[999],10106962
653,Intraocular Lens-101 29.00 D[999],10106963
654,Intraocular Lens-101 30.00 D[999],10106964
655,Intraocular Lens 18.00d[999],10106912
656,Intraocular Lens 18d 5.25mm[999],10106916
657,Intraocular Lens 19.00d 5.25mm[999],10106917
658,Intraocular Lens 19.00d[999],10106913
659,Intraocular Lens 20.00d 5.25mm[999],10106919
660,Intraocular Lens 20.00d 6.0mm[999],10106921
661,Intraocular Lens-207 15.00 D[999],10106971
662,Intraocular Lens-207 16.00 D[999],10106972
663,Intraocular Lens-207 17.00 D[999],10106973
664,Intraocular Lens-207 18.00 D[999],10106974
665,Intraocular Lens-207 19.00 D[999],10106975
666,Intraocular Lens-207 19.50 D[999],10106976
667,Intraocular Lens-207 20.00 D[999],10106977
668,Intraocular Lens-207 20.50 D[999],10106978
669,Intraocular Lens-207 21.00 D[999],10106979
670,Intraocular Lens-207 21.50 D[999],10106980
671,Intraocular Lens-207 22.00 D[999],10106981
672,Intraocular Lens-207 22.50 D[999],10106982
673,Intraocular Lens-207 23.00 D[999],10106983
674,Intraocular Lens-207 23.50 D[999],10106984
675,Intraocular Lens-207 24.00 D[999],10106985
676,Intraocular Lens-207 24.50 D[999],10106986
677,Intraocular Lens-207 25.00 D[999],10106987
678,Intraocular Lens-207 26.00 D[999],10106988
679,Intraocular Lens-207 27.00 D[999],10106989
680,Intraocular Lens-207 28.00 D[999],10106990
681,Intraocular Lens-207 29.00 D[999],10106991
682,Intraocular Lens-207 30.00 D[999],10106992
683,Intraocular Lens 21.00d 5.25mm[999],10106918
684,Intraocular Lens 21.00d 6.0mm[999],10106922
685,Intraocular Lens 22.00d 5.25mm[999],10106920
686,Intraocular Lens 22.00d 6.0mm[999],10106923
687,Intraocular Lens 22.00d[999],10106914
688,Ipratropium 20mcg[999],10107126
689,Iron And Folic Acid Large(Red)-Dried Ferrous Sulphate Ip-60 Mg Eq To Ferrous Iron Folic 0.5 Mg Sugar Coated[M-115],10107341
690,Iron And Folic Acid Large (Red)-Ferrous Sulphate With Folic Acid  Ferrous Iron 100 Mg And Folic Acid 0.5 Mg Tab[123.123],10100236
691,Iron And Folic Acid Small (45 Mg Elemental Iron And 400 Microgram Folic Acid)- Pink Color[999],10106548
692,Iron And Folic Acid Small Dried-Ferrous Sulphate Ip-45 Mg Eq To Ferrous Iron Folic Ip- 0.4mg-Sugar Coated (Pink Colour)[M-116],10107342
693,Iron And Folic Acid Syrup With Auto Dispenser-Each 1ml Contains -Ferrous Iron (Derived From Ferrous Sulphate Ip): 20 Mg - Folic Acid Ip 0.1 Mg[M-246],10107340
694,Iron And Folic Acid Tablets (Large) Blue Coloured (Indigo Carmine) : Each Enteric Coated Shall Contain Dried Ferrous Sulphate Ip100mg And Folic Acid Ip 0.5mg[D4],10100313
695,Iron And Folic Acid Tablets(Large) Blue Coloured(Indigo Carmine)Ferrous Sulphate Ip-60 Mg To 0.5 Mg[M-282],10107339
696,Iron Folic Acid Drops (Each Ml Contains 20 Mg Iron And 100 Micro Gram Folic Acid )[999],10106616
697,Iron Sucrose I.V. Inj 100mg/5ml[M-247],10106573
698,Isofluarane Usp 100 Ml[M-117],10100126
699,Isoniazid Tab.100 Mg[999],10106671
700,Isosorbide Dinitrate Tab 10 Mg[M-118],10100127
701,Isosorbide Dinitrate Tab 5mg[150.1],10100128
702,Isoxsuprine Hcl Inj 5mg/Ml[M-119],10100129
703,Isoxsuprine Tab 10 Mg Sr[999],10106574
704,Isoxsuprine Tab 20 Mg Sr[M-248],10106603
705,Isoxsuprine Tab 40 Mg Sr[999],10106575
706,I.V Cannula 26 G Purple[C-66],10107431
707,I.V Cannula Sterile As 22g Without Port[C-149],10107167
708,I.V Cannula Sterile As 24g Without Port[C-148],10107178
709,"I.V Cannula Sterile Single Use 18g,20g,22g With Injection Valve Wings With Injection Port Cap[C27]",10100288
710,I.V Cannula Sterile Single Use 18g With Injection Valve Wings With Injection Port Cap[C-68],10106622
711,I.V Cannula Sterile Single Use 20g With Injection Valve Wings With Injection Port Cap[C-69],10106623
712,I.V Cannula Sterile Single Use 22g With Injection Valve Wings With Injection Port Cap[C-70],10106624
713,I.V Cannula Sterile Single Use 24g- With Port[C-147],10106560
714,I.V Dextrose 25 %[999],10106605
715,Ivermectin 12mg Tab[999],10107069
716,Ivermectin 6mg Tab[M-120],10107068
717,I.V Set Vented With Needle[C-67],10100289
718,Ketamine Hydrochloride Inj 10 Mg/Ml[4.1],10100130
719,Ketorolac Tab 10 Mg[409.1],10100131
720,Ketorolac Tromethamine 10 Mg Ip Tab[M-122],10107022
721,Kit (Election Comission)[999],10107048
722,Labetalol Inj[M-250],10107093
723,Labetalol Tab 100 Mg[M-249],10106604
724,Lactitol Monohydrate Syrup 66.67%W/V[999],10107381
725,Lactobacillus 2.5 Billion[M-280],10107456
726,Lactulose 3.335gm/5ml Syrup[M-251],10106678
727,Lance Blade 1.2mm[999],10106909
728,Laryngeal Mask Airways Size:1[C-72],10107416
729,Laryngeal Mask Airways Size:2[C-73],10107417
730,Laryngeal Mask Airways Size:3[C-74],10107418
731,Laryngeal Mask Airways Size:4[C-75],10107419
732,L-Asparaginase Inj 10000iu[999],10106818
733,L-Asparaginase Inj 5000iu[999],10106817
734,Letrozole Tab 2.5mg[999],10106834
735,Levetiracetam 500mg Tab[M-123],10107083
736,Levo Cetrizine Tab  5 Mg[M-124],10100132
737,Levofloxacin Tab 250 Mg[70.1],10100133
738,"Levofloxacin Tab 500 Mg(Levofloxacin Hhemihydrate, Ip,(Coated)[999]",10106885
739,Levo Salbutamol Inhaler[999],10107391
740,Levo Salbutamol Respirator 0.31 Mg / 2.5 Ml[M-252],10106612
741,Light Cure Composite Syringe 3m[999],10107050
742,Light Cure Composite Syringe[999999],10106877
743,Lignocaine+ Adrenaline Ip (Each Ml To Contain Lignocaine 20.0mg And Adrenaline 0.01mg) Inj.[M-126],10107024
744,Lignocaine+ Adrenaline Ip (Each Ml To Contain Lignocaine 21.3 And Adrenaline 0.005mg) Inj.[999],10107007
745,Lignocaine Hcl Gel 2 % W/V[M-128],10100135
746,Lignocaine Hcl   Inj 2 % W/V[M-127],10100134
747,Lignocaine Inj 2 % (Xylocard Formula)[1.3],10100136
748,Lignocaine With Adrenaline 2 %[999],10106858
749,Linezolid 600 Mg Tab[M-253],10107144
750,Linozid Inj[999],10107105
751,"Liquid Iron - Each 5ml Contains Ferrous Sulphate I.P 100mg Equivalent To Elemental Iron 20mg, Folic Acid I.P. 0.5mg, Flavoured Syrup Base Q.S, 100 Ml Bottle[D5]",10100314
752,Lithium Carbonate Tab  Ip 300 Mg[M-129],10100137
753,Lmw Heparin Inj[999],10107097
754,Lorazepam Inj 2 Mg/Ml.[M-132],10100138
755,Lorazepam Tab 1mg[M-130],10100139
756,Lorazepam Tab 2 Mg[M-131],10100140
757,Losartan  50 Mg + Hydrochlorthiazide 12.5mg Tab[M-133],10100141
758,Losartan Tab 25 Mg[161.1],10100143
759,Losartan  Tab 50mg[161.2],10100142
760,"Lotion Calamine, Ip[M-33]",10107006
761,Lysol I.P. 500 Ml Bottle[C30],10100291
762,Magnesium Sulphate- Magnesium Sulphate Ip Inj 50 % W/V[M-134],10100144
763,Manitol I.V. 20 %[M-106],10100145
764,Mebendazole Tab 100 Mg[999],10106570
765,Medroxyprogestrone 10mg Tab[M-254],10106751
766,Melphalan Tab 2mg[999],10106809
767,Menadione Injection (Vitamin K3)-Menadione Usp 10mg/Ml[209.1],10100146
768,Mephentermine Inj 15 Mg / 1 Ml Amp[M-255],10106613
769,Mephentermine Inj. 30 Mg/1 Ml Amp[999],10106614
770,Meropenam Inj 250 Mg[M-256],10106599
771,Mesh(Size 7.6x15 Cm)[999],10106778
772,Mesoprostal Ip Tab 200 Mcg Oral[999],10106668
773,Mesoprost Tab 200 Mcg[M-260],10107106
774,Metaclopramide  Inj 5mg/Ml[M-135],10100148
775,Metaclopramide Tab 10mg[31.1],10100149
776,Metformin 500mg Tab Sr[M-136],10100150
777,Methocarbamol 750 Mg Tab[999],10107395
778,Methotraxate 50 Inj[999],10107098
779,Methotraxate Inj 500mg[999],10106866
780,Methotrexate 5mg Tab[M-137],10107398
781,Methotrexate Inj 50mg[999],10106819
782,Methylcobalmen (Methylcobalmen 1500mcg + Pyridoxine 100mg + Nicotinamide 100mg) Injection[M-138],10107075
783,Methyldopa Ip Eq. To Methyldopa Anhydrous Tab 250 Mg[M-139],10100153
784,Methyl Ergometrine Inj 0.2mg/Ml[250.2],10100151
785,Methyl Ergometrine Tab 0.125mg[250.1],10100152
786,Metomycin C Inj 10mg[999],10106821
787,Metomycin C Inj 2mg[999],10106820
788,Metoprolol 25 Mg Tab( Metoprolol Tartrate) Sr[M-140],10107129
789,Metoprolol 50mg Tab[999],10106663
790,Metronidazole 200 Mg Tab[M-257],10107095
791,Metronidazole 400 Mg Tab[999],10107411
792,Metronidazole Inj. I.V. 5 Mg/Ml[M-141],10100237
793,Miconazole  Cream 2 %[M-142],10100154
794,Micronised Progesterone Inj. 200mg[M-258],10106615
795,Micronized Purified Flavonoid Fraction Of Rutacae 500mg[999999999],10107260
796,Micronized Purified Flavonoid Fraction Of Rutacae Tab 500 Mg[999],10106862
797,Midazolam Inj 1mg/Ml[M-143],10100155
798,Mifepristone 200mg And 4 Tablets Of Misoprostol 200mcg (Combi Pack)[M-259],10107011
799,Mifepristone Tab 200 Mg[999],10106567
800,Misoprostol Tab 25 Mcg[M-261],10106608
801,"Monofilament Polypropylene 1/2 Circle Round Body,30 Mm Needle,90cms Size-1-0[999]",10106783
802,"Monofilament Polypropylene 1/2 Circle Round Body,30 Mm Needle,90cms Size-2-0[999]",10106780
803,Monofilament Polypropylene 1/2 Circle Round Body/Taper Point 30mm Needle 75cm-90cm Size 1-0[S-3],10107179
804,Monofilament Polypropylene 1/2 Circle Round Body/Taper Point 30mm Needle 75cm-90cm Size 2-0[S-4],10107180
805,Monofilament Polypropylene 3/8circle Cutting 22mm Needle 75cm-90cm Size 3-0[999],10107181
806,"Monofilament Polypropylene 3/8 Circle Cutting, 22mm Needle,80cms Size-3-0[999]",10106784
807,Montelukast 10mg+ Levocetrizine 5mg Tab[M-144],10107088
808,Morphine Inj 10mg/Ml[21.1],10100156
809,Moxifloxacin Eye Drop[999],10106748
810,Mucus Sucker[C-83],10100292
811,Multiple Electrolyte G[263.1],10100157
812,Multiple Electrolyte In Dextrose Inj (Multiple Electrolyte G)-500 Ml Poly Packs[999],10106764
813,Multiple Electrolyte In Dextrose Inj (Multiple Electrolyte M)-500 Ml Poly Packs[999],10106577
814,Multiple Electrolyte In Dextrose Inj (Multiple Electrolyte P)-500 Ml Poly Packs[999],10106579
815,Multiple Electrolyte M[101.1],10100158
816,Multiple Electrolyte P[M-146],10100159
817,Multivitamin Tab[M-147],10100160
818,Mupirocin Ip 2.0 % Cream[M-262],10107153
819,Mupirocin Usp 2.0 % Cream[999],10106679
820,N/2 + Destrose 5% I.V Fluid[M-111],10107397
821,N-95 Mask[999999999],10107171
822,Naloxone Inj. 0.4mg[999],10106645
823,Naltrexone Tab. 50mg[999],10106644
824,Nasal Proangs (Adult)[C-84],10107435
825,Nasal Proangs (Infant)[C-85],10107433
826,Nasal Proangs (Paediatric)[C-86],10107434
827,Nasal Prongs For Oxygen Therapy[C-151],10106550
828,Nasophyrangel Airways (Adult) Size:6.5(Single Use)[999],10106711
829,Nasophyrangel Airways (Adult) Size:6 (Single Use)[999999],10106712
830,Nasophyrangel Airways (Adult) Size:7.5(Single Use)[C-88],10106713
831,Nasophyrangel Airways (Adult) Size:7(Single Use)[C-87],10106714
832,Nasophyrangel Airways (Adult) Size:8(Single Use)[999],10106715
833,Natural Micronised Progesterone Cap.200mg[M-263],10106837
834,Nebulizer Mask (Adult)[C-89],10106701
835,Nebulizer Mask(Paed)[C-90],10106737
836,Neonatal Feeding Tubes No. 5[C-91],10107460
837,Neonatal Feeding Tubes No.6[C-91C-92],10107461
838,Neosporin-H Ear Drop Content - Polymyin B Sulphate Usp 10000 Units Neomycin Sulphate Ip 3400 Units Hydrocortisone Ip 10 Mg[M-77],10100238
839,Neostigmine Inj 0.5mg/Ml[M-148],10100161
840,Nevirapine 200mg Tab[999],10106768
841,"Nifedipine 10mg,Ip Tab[M-149]",10106886
842,Nifedipine Cap 10mg[167.5],10100162
843,Nifedipine Cap 20mg[164.1],10100163
844,Nifedipine Ip Cap 5mg[164.2],10100164
845,Nitrazepam Tab 10 Mg[375.1],10100165
846,Nitrazepam Tab 5mg[76.1],10100166
847,Nitrofurantion 100mg Sr Tab[M-264],10107258
848,Nitrofurantoin Tab 100 Mg[M-125],10106569
849,Nitroglycerine Inj 5mg/Ml[M-150],10100167
850,Norfloxacin Tab 400 Mg[M-151],10100168
851,Norfloxcin 100mg + Metronidazole 100mg / 5ml Syp[88.1],10100169
852,Normal Saline Inj 100 Ml[999],10106562
853,Normal Saline I.V. (Sodium Chloride 0.9 % )[M-107],10100170
854,"Nylon 70-90cm, 3/8 Circle Cutting, 16mm Size 3-0[S-6]",10107184
855,"Nylon (Ethylon Suture 3-0, Fs 2 Cutting Needle 45cm Black Filament)[999]",10107174
856,Ofloxacin + Ornidazole ( 200mg + 500mg) Tab[M-289],10100171
857,Ofloxacin Tab 200 Mg[M-152],10100172
858,Ointment Antibacterial + Antifungal Bethamethasone[999],10107266
859,Ointment Povidone 5 % W/W Usp[M-174],10100315
860,Ointment Sertaconazole 2% + Beclomethasone 0.025%[999],10107304
861,Olanzapine Tab 10 Mg[M-153],10100173
862,Olanzapine Tab 5 Mg[M-154],10100174
863,Olopatadine 0.1% Eye Drops W/V 5ml[M-158],10107404
864,Ondansetron Inj 2mg/Ml[999],10106825
865,Ondansetron Syrup 2mg/5ml[M-265],10106826
866,Ondansetron Syrup 4mg/5ml[999],10106607
867,Ondensetron Usp Inj 2 Mg/Ml[M-155],10100175
868,Ondenstron Tab[999],10106659
869,Opthalmo Scope L3733[999],10106925
870,Ornidazole Tab 500 Mg[M-156],10100176
871,Ors Powder Who Formula With Citrate Salt 20.5 Gm Pouch[M-157],10100177
872,Oseltamivir Cap 30mg[M-285],10107015
873,Oseltamivir Cap 45 Mg[M-287],10107436
874,Oseltamivir Cap. 75 Mg[M-286],10106757
875,Oseltamivir Syp 12mg/Ml[M-288],10106867
876,O.T. Cap Disposable (Surgeon)[C-94],10100293
877,Oxaliplatin Inj 50mg[999],10106831
878,Oxygen Venturi Mask (Adult)[C-95],10106700
879,Oxygen Venturi Mask(Paed)[C-96],10106736
880,Oxytocin 5 Inj Iu/Ml[M-266],10100178
881,Paclitaxel Inj 100mg[999],10106811
882,Paclitaxel Inj 200mg[999999],10106812
883,Paclitaxel Inj 300mg[999],10106822
884,Paclitaxel Inj 30mg[999999],10106810
885,Panjiri[999],10107026
886,Pantoparazole Inj 40mg[999],10106827
887,Pantoprazole 40 Mg Tab[M-159],10107410
888,Paracetamol 150mg Per Ml With Dropper Drops[999],10107008
889,Paracetamol 250 Mg/5 Ml Syrup[M-162],10107376
890,Paracetamol 325mg + Diclofenac Sodium 50mg + Serratiopeptidase 10mg Tab[M-163],10107386
891,Paracetamol 325 Mg + Diclofenac Sodium 50 Mg Tab[999],10106670
892,Paracetamol 500 Mg + Diclofenac Sodium 50 Mg Tab[41.3],10100180
893,Paracetamol 50ml Infusion[M-114],10107385
894,Paracetamol Infusion 100ml Inj[999],10107110
895,Paracetamol Infusion I.V 100 Ml[M-267],10106561
896,Paracetamol Inj 150mg/Ml[M-161],10100181
897,Paracetamol  Syp 125 Mg/5ml[41.5],10100179
898,Paracetamol Tab (500 Mg)[M-164],10100182
899,Paracetamol Tab 650mg[M-165],10107298
900,Paraffin Gauze 10cm X 10cm[C-97],10107164
901,Partially Absorbable Mesh With Combination Of Polypropylene &    (Size 7.5 X 15 Cm)[S-20],10107455
902,Pedia Set[C-152],10106551
903,Pemetrexded Disod Inj 100mg[999],10106798
904,Pentaperazole Tab 40 Mg[27.2],10100183
905,Pentazocine  Lactate Inj 30mg/Ml[M-166],10100184
906,"Permethrin 5 % , Ip Cream[M-167]",10107004
907,Pheniramine Maleate  Inj 22.75 Mg/Ml[M-168],10100185
908,Phenobarbitone Sodium Inj I.P 130 Mg/Ml[190.4],10100186
909,Phenobarbitone Tab 30mg[190.1],10100187
910,Phenobarbitone Tab 60 Mg[M-169],10100188
911,Phenytoin 30mg/5ml Inj[999],10107073
912,Phenytoin 30mg/5ml Syrup[999],10107412
913,Phenytoin Sodium Inj 50mg/Ml[M-171],10100189
914,Phenytoin Sodium Tab 100 Mg[M-170],10100190
915,Piperacillin + Tazobactam Inj 1.25 Gm (Piperacillin 1 Gm + Tazobactum 125 Mg) )[M-268],10106594
916,Piperacillin + Tazobactam Inj 4.5 Gm (Piperacillin 4 Gm + Tazobactum 500 Mg)[M-269],10106595
917,Plain Catgut 1/2 Circle Round Bodied/ Taper Point Needle Length 30mm Length Of Suture 76-110cm Size 1-0[S-27],10107197
918,"Plain Catgut 3/8 Circle Round Bodied Needle Length 30mm, Length Of  Suture 76 Cm Size- 2-0[S-1]",10100244
919,Plain Non-Cuffed Endotracheal Tube Size : 2.5[999],10106722
920,Plain Non-Cuffed Endotracheal Tube Size : 3.5[C-100],10106724
921,Plain Non-Cuffed Endotracheal Tube Size : 3[C-99],10106723
922,Plain Non-Cuffed Endotracheal Tube Size : 4.5[999999],10106726
923,Plain Non-Cuffed Endotracheal Tube Size : 4[C-101],10106725
924,Plain Non-Cuffed Endotracheal Tube Size : 5[999999999],10106727
925,Plasma Volume Expander 3.5 % Polygeline Infusion (Hemaccel) 500 Ml[M-172],10100191
926,"Plastic Container  
(30cmsx20cmsx7.5cms Box Of Plastic)[C34]",10100295
927,Plastic Instruments[999],10107061
928,"Polyamide Monofilament 40 Mm Needle,1/2 Circle Round Body,90cm Size 1-0[999]",10106787
929,"Polyamide Monofilament 48 Mm Needle,1/2 Circle Round Body,90cm Size 1[999]",10106788
930,Polyethylene Glycol With Electrolytes(Peg)[999],10107112
931,"Polyglactin 1/2 Circle Round Body 30 Mm Needle,90 Cm-Size-1-0[999]",10106777
932,"Polyglactin 1/2 Circle Round Body 30 Mm Needle,90 Cm-Size-1[999]",10106785
933,"Polyglactin 1/2 Circle Round Body/Taper Point 20mm Needle, 70-90cm-Size-3-0[S-16]",10107192
934,"Polyglactin 1/2 Circle Round Body/Taper Point 20mm Needle, 70-90cm Size 4-0[S-5]",10107182
935,"Polyglactin 1/2 Circle Round Body/Taper Point 30mm Needle, 90cm Size 3-0[999]",10107177
936,"Polyglactin 1/2 Circle Round Body/Taper Point 30mm Needle, 90cm, Size 4-0[999]",10107173
937,"Polyglactin/Lactomer Glycolide Copolymer, 1/2 Circle Round Body/ Taper Pt 30mm Needle,75-90cm Size1-0[S-13]",10107176
938,"Polyglactin/Lactomer Glycolide-Lactide Copolymer ,1/2 Circle Round Body/Taper Point 30mm Needle, 75cm-90cm -Size:-1-0[999999]",10107188
939,"Polyglactin/Lactomer Glycolide-Lactide Copolymer ,1/2 Circle Round Body/Taper Point 40mm Needle, 75cm-90cm -Size:-1[999999999]",10107190
940,Polyglactin No 1-0 On Round Body Needle[999],10106557
941,Polyglactin No 1 On Round Body Needle[999],10106558
942,Polypropylene 40mm Needle Heavy 1/2 Circle Round Bodied 70cm Size:-1[S-2],10106779
943,Polypropylene 8mm Needle Double Arm Cc Needle 3/8 Circle 60cm Size :-6-0[S11],10100253
944,Polypropylene Mesh 6x11 Cm[S12],10100254
945,Polyster Green 1[20008],10100329
946,Polyurethane Based Iv Fixation Dressing With Elastic Adhesive Base Size(6x7cm)[C-102],10106702
947,Pop Bandages 4 (10cm*2.7mtr)[C-104],10106742
948,Pop Bandages 6 (15cm*2.7mtr)[C-103],10106743
949,Potassium Chloride Inj 150 Mg/Ml[M-173],10100192
950,Povidine Iodine  Sol. 5 % W/V[316.2],10100193
951,Povidone Idodine Vaginal Pessaries 200 With Applicator[316.1],10100194
952,Povidone Iodine Scrub 7.5 %[M-175],10100195
953,Povidone Oint. 5 % W/W[348.1],10100196
954,Povidone Ointment 5 %[162.1],10100197
955,Ppe Kits For Infuenza Outbreak Size L[999],10107169
956,Ppe Kits For Infuenza Outbreak Size Xl[999999],10107170
957,Pralidoxime Chloride Ip Inj 500 Mg[M-176],10100198
958,Prebiotic Or Probiotic Cap[999],10107150
959,Prednisolone 5 Mg Ip Tab (Uncoated)[999],10106891
960,Prednisolone Sodium Phosphate Eds 1% 5ml[M-178],10107393
961,Prednisolone Tab 10mg[M-177],10100199
962,Pre Filled Syringe Methyl Cellulose[999],10107034
963,Pregablin 75mg+ Methylcobalamin 1500mc Tab[M-179],10107087
964,Premaquine Tab 2.5 Mg[123.1],10100200
965,Premaquine Tab 7.5 Mg[123.2],10100201
966,Premetrexded Disod Inj 500mg[999],10106857
967,Probiotic- Streptococcus Faecalis: 30million Clostridium Butyricum: 2 Million Bacillus Mesentericus: 1 Million Lactic Acid Bacillus (Lactobacillus Sporogenes) : 50million Spores[M-279],10107457
968,Promethazine Hcl Inj 25 Mg/Ml[M-180],10100202
969,Promethazine Hydrochloride Syp  5mg/5ml[30.1],10100203
970,Propanolol Xl 40mg Tab[M-181],10107086
971,Propofal Inj 10 Mg/Ml[M-182],10100204
972,Pvc Ryles Tube Silcon Sterilized Disposable X-Ray Opaque Line 12[999],10106627
973,Pvc Ryles Tube Silcon Sterilized Disposable X-Ray Opaque Line Fg 10[999],10106628
974,Pvc Ryles Tube Silcon Sterilized Disposable X-Ray Opaque Line Fg 14[999],10106626
975,Pvc Ryles Tube Silcon Sterilized Disposable X-Ray Opaque Line Fg 16[999],10106625
976,Pvc Ryles Tube Silcon Sterilized Disposable X-Ray Opaque Line Fg 18[999],10106629
977,Pvc Ryles Tube Size:Fg 10[C-105],10106849
978,Pvc Ryles Tube Size:Fg 12[C-106],10106850
979,Pvc Ryles Tube Size:Fg 14[107],10106851
980,Pvc Ryles Tube Size:Fg 16[C-108],10106852
981,Pvc Ryles Tube Size:Fg 18[C-109],10106853
982,P.V.C. Urine Drainage Bag 2 Ltr. Capacity Closed Circuit With Non-Return Valve[C33],10100294
983,Pvc Urine Drainage Bag Sterilized 2 Ltrs.[C-110],10107462
984,Pyridoxine 100mg Tab[999],10107064
985,Pyridoxine 10 Mg Tab[M-183],10107377
986,Pyridoxine 25mg Tab[999],10107066
987,Pyridoxine 40mg Tab[999],10107065
988,Quintuple Blood Bag With Integrated Filter[999],10107137
989,Rabeprazole Tab 10 Mg[999],10106772
990,Raberprazole 20 Mg Tab[999],10107142
991,Ranitidine Inj Ip 25mg/Ml[M-185],10100205
992,Ranitidine Tab 150 Mg[M-184],10100206
993,"Red (Small) Iron And Folic Acid Tablets Red (Small) Each Enteric Coated  Tablet Contains: Dried Ferrous Sulphate  Ip 67 Mg. Eq. To 20 Mg. Of Elemental Iron, Folic Acid Ip 0.1 Mg   Packaging:  10x10 (Strip Pack)  Tabs. (In A Box.)[D7]",10100316
994,Reinforced Endotracheal Tubes. Without Cuffed No. 3.5[999999],10106717
995,Reinforced Endotracheal Tubes. Without Cuffed No. 3[999],10106716
996,Reinforced Endotracheal Tubes. Without Cuffed No. 4.5[999],10106719
997,Reinforced Endotracheal Tubes. Without Cuffed No. 4[999],10106718
998,Reinforced Endotracheal Tubes. Without Cuffed No. 5[999],10106720
999,Reinforced Endotracheal Tube With Cuffed No. 6.5[C-112],10106652
1000,Reinforced Endotracheal Tube With Cuffed No. 6[C-111],10106651
1001,Reinforced Endotracheal Tube With Cuffed No. 7.5[C-114],10106654
1002,Reinforced Endotracheal Tube With Cuffed No. 7[C-113],10106653
1003,Ribavirin 200 Mg Cap[999],10106893
1004,Rifaximin 200mg Tab[999],10107079
1005,"Ringer Lactate -  Lactic Acid I.V. (Na Lactate) 0.32 %, Nacl-0.06 %, Kcl-0.04 %, Cacl2-0.027 %[M-112]",10100207
1006,Risperidone Tab 1 Mg[M-186],10100317
1007,Risperidone Tab 2 Mg[M-187],10100208
1008,Risperidone Tab 3 Mg[240.1],10100209
1009,Rolled Bandage 10cm X 4mtr[C-115],10100298
1010,Rolled Bandage - 15 Cm X 4 Mtr.[C-116],10100297
1011,Rolled Bandage 5cm X 4mtr.[C-117],10100299
1012,Rolled Bandage 7.5cm X 4mtr.[C-118],10100300
1013,Rup Syringe 10ml[999],10106899
1014,Rup Syringe 2ml[999],10106896
1015,Rup Syringe 3ml[999],10106897
1016,Rup Syringe 5ml[999],10106898
1017,Salbutamol 100mcg[999],10107125
1018,Salbutamol Respirator Solution  5 Mg/Ml[M-190],10100210
1019,Salbutamol Syp 2mg / 5ml[M-189],10100211
1020,Salbutamol Tab 4 Mg[M-188],10100212
1021,Saline Nasal Drops[M-191],10107072
1022,Sanitary Napkin[999],10107023
1023,Secercaine Inj[999],10107096
1024,Septran Paed[1001],10100333
1025,Serratiopeptidase Tab 10 Mg[93.1],10100213
1026,Sertaconazole Nitrate Cream Containing:Sertaconnazole Nitrate Bp 2 % W/W Cream Base Q.Sbenzyl Ip 1.0 %[M-270],10106770
1027,Sertaline Tab 100 Mg[381.1],10100214
1028,Sertaline Tab 50 Mg[M-192],10100215
1029,Setrile Opth. Irrigation Sol.[999],10106915
1030,Sets Of Micro Surgical Blades[999],10107039
1031,Sexual Assault Evidence Collection Kit[999],10107310
1032,Shoe Cover[C-119],10107165
1033,Silk Black Braided Silicone Coated Diameter 0.20mm L-0.66mm 3/8 Circle 140 Spatlated Needle Sutute Length30cm Size 8-0[999],10107161
1034,"Silk Black Braided Silicone Coated Diameter -0.20mm Length-6.0mm, 3/8 Circle-140 Spatulated Needle Suture Length 30 Cm Size 8-0[S-28]",10107198
1035,"Silk Sutures 26mm, Needle 3/8 Circle Reverse Cutting 75cm-90cm, Size:-3-0[S-12]",10107187
1036,"Silk Sutures 26mm,Needle 3/8 Circle Reverse Cutting 76 Cm Size:- 3-0[S13]",10100255
1037,"Silk Sutures 45mm, Needle 3/8 Circle Reverse Cutting 75cm-90cm, Size:-1-0[S-10]",10107185
1038,"Silk Sutures 45mm, Needle 3/8 Circle Reverse Cutting 75cm-90cm, Size:-2-0[S-11]",10107186
1039,"Silk Sutures 45 Mm, Needle 3/8 Circle Reverse Cutting 76 Cm Size:- 1-0[999]",10100256
1040,"Silk Sutures 45 Mm, Needle 3/8 Circle Reverse Cutting 76 Cm Size:- 1[S-14]",10106781
1041,"Silk Sutures 45mm,Needle 3/8 Circle Reverse Cutting 76 Cm Size:- 2-0[S15]",10100257
1042,Silk Sutures Sterile Foil Over Wrap  Packs 2x 75 Cm Size:- 1-0[S17],10100259
1043,Silk Sutures Sterile Foil Over Wrap  Packs 2x 75 Cm Size:- 1[S-15],10100258
1044,Silk Sutures Sterile Foil Over Wrap  Packs 2x 75 Cm Size:- 2-0[S18],10100260
1045,Silver Sulphadiazene  1 % W/V Cream[M-193],10100216
1046,Sitagliptin Tab 100mg[999],10107013
1047,Sitagliptin Tab 50mg[999],10107010
1048,Skin Antiseptic Solution Each 100 Gm Contain Isopropanol 63gm Benzal Konium Chloride (63 % V/V And 0.05 % V/V) 500 Ml Bottle 0.025 Gm 500 Ml[C40],10100301
1049,Skin Stapler[S-18],10106782
1050,Slit Blade 2.8mm[999],10106908
1051,Slit Blade 3.0mm[999],10106924
1052,Slit Blade 3.2mm[999],10106906
1053,Snake Venom Anti Serum Inj Ip (Polyvalent)[M-194],10100217
1054,Sodium Bicarbonate Inj  7.5 %[M-195],10100218
1055,Sodium Phosphates Enema Each 100ml Contains Sodium Phosphate 8gm Sod Acid Phosphate 10gm Distilled Water[C-153],10107303
1056,Sodium Valporate 300 Mg Sr/Cr Tab[999],10100318
1057,Sodium Valporate 500mg Sr/Cr Tab[M-216],10107149
1058,Sofosbuvir 400mg +Ledipasvir 90 Mg Tab[999],10106900
1059,Sofosbuvir 400 Mg Tab[999],10106894
1060,Sofosbuvir 400mg +Velpatasvir 100mg Tab[999],10106901
1061,Solution Povidone Iodine 10% W/V[M-196],10107387
1062,Spectacles For Elderly Persons Presbyopia -+1.0[999],10107030
1063,Spectacles For Elderly Persons Presbyopia -+1.50[999],10107031
1064,Spectacles For Elderly Persons Presbyopia -+2.00[999],10107032
1065,Spectacles For Elderly Persons Presbyopia -+2.5[999],10107033
1066,"Spinal Needle Disposable Adult As Per Bis, 23s, 26 And 27 Gauze (70-90 Mm Without Hub)[C41]",10100302
1067,"Spinal Needle Disposable Adult As Per Bis, 23s Gauze (70-90 Mm Without Hub)[999]",10106630
1068,"Spinal Needle Disposable Adult As Per Bis, 25 Gauze (70-90 Mm Without Hub)[999]",10106685
1069,"Spinal Needle Disposable Adult As Per Bis, 26 Gauze (70-90 Mm Without Hub)[999]",10106631
1070,"Spinal Needle Disposable Adult As Per Bis, 27 Gauze (70-90 Mm Without Hub)[999]",10106632
1071,Spinal Needle Disposable Sterilized  Adult As 25 Gauze (70-90 Mm With Hub)[C-120],10107312
1072,Spinal Needle Disposable Sterilized  Adult As 26 Gauze (70-90 Mm With Hub)[C-121],10107313
1073,Spironolactone 25mg Tab[M-197],10107382
1074,Spironolactone 50mg + Frusemide 20mg Tablet[M-198],10107151
1075,Spironolactone 50mg Tab[999],10107082
1076,Ste:Ile Disposable Needle Size 22g X1 (Blister Pack)[999],10107314
1077,Sterile Disposable Needle Size 22g X 1 1/2 (Blister Pack)[C-122],10107371
1078,Sterile Disposable Needle Size 23g X1 (Blister Pack)[C-123],10107423
1079,Sterile Disposable Needle Size 24g X1 (Blister Pack)[C-124],10107425
1080,Sterile Disposable Syringe 10ml With Needle Size No. 22/20(Ribbon Pack)[999],10106928
1081,Sterile Disposable Syringe 2ml With Needle Size No. 24(Ribbon Pack)[999],10106926
1082,Sterile Disposable Syringe 5ml With Needle Size No. 24(Ribbon Pack)[999],10106927
1083,Sterile Plastic Urine Container[C-125],10106765
1084,Sterile Scalp Vein Set Size- 19[C-126],10106696
1085,Sterile Scalp Vein Set Size- 20[999999],10106697
1086,Sterile Scalp Vein Set Size- 22[999999999],10106698
1087,Sterile Scalp Vein Set Size- 24[999],10106699
1088,"Sterile Water  For Injection, Ip[M-199]",10100219
1089,Sterilized Disposable Drape Sheets (120cm*210cm)[C-131],10106745
1090,Sterilized Disposable Gloves 6.5[C-137],10100339
1091,Sterilized Disposable Gloves 7.0[C-138],10100340
1092,Sterilized Disposable Gloves 7.5[C-139],10100341
1093,Sterilized Disposable Gloves8.0[C-140],10100342
1094,"Stethoscope( As Per Isi 3391-1965, With Latest Amendments)[999]",10106688
1095,"Streptokinase  Inj 7,50,000 Iu[157.1]",10100220
1096,Succinyl Choline Inj 50 Mg/Ml[M-200],10100221
1097,Suction Catheter 10f[C-154],10106617
1098,Suction Catheter 14f[C-155],10107028
1099,Suction Catheter 6f[C-156],10106552
1100,Suction Catheter 8f[C-157],10107166
1101,Suction Catheter No.12 (Pvc)[999],10106642
1102,Suction Catheter No.14 (Pvc)[999],10106643
1103,Suction Catheter P.V.C. Pre-Sterilized[C42],10100303
1104,Suction Tube[C43],10100304
1105,Surfactant Inj[999],10107100
1106,Surgical Blade No. 10 Sterilized[999],10106580
1107,Surgical Blade No. 11 Sterilized[999],10106581
1108,Surgical Blade No. 12 Sterilized[999],10106582
1109,Surgical Blade No. 15 Sterilized[999],10106583
1110,Surgical Blade No. 18 Sterilized[999],10106584
1111,Surgical Blade No. 20 Sterilized[999],10106585
1112,Surgical Blade No. 21 Sterilized[999],10106586
1113,Surgical Blade No. 22 Sterilized[999],10106587
1114,Surgical Blade No. 23 Sterilized[999],10106588
1115,Suture (Indian)-8-0 Silk[999],10107038
1116,"Synthetic Absorbable Polyglactin Anti Bacterial 40mm Needle , ½ Circle Round Bodied Ct Needle Size 1-0[999]",10106786
1117,"Synthetic Absorbable Polyglactin Anti Bacterial 40mm Needle , ½ Circle Round Bodied Heavy Size:-1[999]",10106774
1118,"Synthetic Absorbable Polyglactin Suture 25mm ,  ½ Circle Round Body 90 Cm Size:- 3-0[S19]",10100261
1119,Syphilis Kits For Pregnant Woman[999],10107063
1120,Syphilis Kits For Pregnant Women[999],10107131
1121,Syringe 10 Cc[999],10106559
1122,Syrup Lactulose 3.335 Gm/5ml[999],10106610
1123,Syrup Zinc Sulphate 20mg/5ml[M-278],10106576
1124,Tab Deferasirox 250mg[999],10107139
1125,Tab Deferasirox 400mg[999999],10107140
1126,Tamoxifen Citrate Tab 10mg[999],10106836
1127,Tamsulosin 0.4 Mg Sr/Cr[M-201],10107018
1128,Tamsulosin 0.4 Mg Tab[999],10106999
1129,Telmisartan 40mg + Hydrochlorothiazide 12.5 Mg Tab[M-202],10107380
1130,Telmisartan 40mg Tab[M-203],10106996
1131,Telmisartan Tab 80mg[999],10107014
1132,Temozolamide Tab/Cap 100mg[999],10106838
1133,Temozolamide Tab/Cap 200mg[999],10106839
1134,Temporary Restrorative Materail[999],10107057
1135,Tenefovir 300mg+Lamivudine 300mg+Efavirenz 600 Mg Tab[999],10106766
1136,Tenofovir 300mg+ Lamivudine 300mg Tab[999],10106767
1137,Tenofovir 300mg Tab[999],10107307
1138,Tetanus Toxoid Inj (Adsorbed)[M-204],10100222
1139,Theophylline And Etofylline Inj (50.6mg + 169.4 Mg)[M-205],10100223
1140,Thermometer (Digital)[C46],10100307
1141,"Thiocolchicoside 4mg + Aceclofenac 100mg, Ip Tab[M-206]",10107449
1142,"Thiocolchicoside 4mg, Ip, Tab[999]",10107000
1143,Three Way Connector (Disposable)[C-141],10106695
1144,"Thyroxine 25mcg (Thyroxine Na,Ip-Uncoated) Tab[M-207]",10107113
1145,"Thyroxine 50mcg (Thyroxine Na,Ip-Uncoated) Tab[M-208]",10107002
1146,"Thyroxine 75mcg (Thyroxine Na,Ip-Uncoated) Tab[999]",10107001
1147,Timolol 0.5% 5ml Eye Drop[M-209],10107384
1148,Tinidazole Inj 2mg / Ml[89.1],10100224
1149,Tinidazole Tab 500 Mg[422.1],10100225
1150,Tiotropium 9mcg+ Formoterol 6mcg[999],10107124
1151,Tiotropium 9mcg Pmdi[999],10107114
1152,Tizanidine 4mg Tab[999],10107396
1153,Tramadol  Inj 50mg / Ml[M-210],10100226
1154,Tramadol Tab 50mg[M-211],10100227
1155,Tranexamic Acid Tab 500 Mg[M-212],10106611
1156,Tranxamine Acid Bp Inj 100mg/Ml[M-213],10100228
1157,Trial Sets[999],10107162
1158,Trifluperazine 5 Mg[D10],10100319
1159,Trihexiphenidyl Tab 2 Mg[M-214],10100229
1160,Tropicamide 0.8 % With Phenylephrine 0.5 %[M-215],10106860
1161,Truelene Blue 1[2000820009],10100330
1162,Trugut Chromic 0[20000],10100321
1163,Trugut Chromic 1[2000020001],10100322
1164,Trugut Chromic2-0[20002],10100323
1165,Trugut Chromic3-0[2000220003],10100324
1166,Trypan Blue Dye[999],10107132
1167,Trypan Blue Sterile Sol.[999],10106911
1168,Tunnel Blade 2.1mm[999],10106905
1169,Tunnel Blade 2.6mm[999],10106904
1170,Urine Testing Kits For Testing Of Five Drugs Abuses Ooat Program[999],10107133
1171,Urine Testing Kits For Testing Of Ten Drugs Abuses Dope Test[999],10107134
1172,Ursodeoxycholic 150 Mg Tab[999],10107094
1173,Ursodeoxycholic 300 Mg Tab[M-271],10107143
1174,Uthethral Catheter(K-90)[C-142],10106854
1175,Uthethral Catheter (K-90) P.V.C Sterilized[C47],10100308
1176,Valethamate Bromide Inj. 8mg/1ml[M-272],10106606
1177,Vancomycin Inj 250 Mg[M-273],10106600
1178,Vecuronium Inj 4mg/2 Ml Vial[15.1],10100230
1179,Venlafaxine Cap Hcl 75 Mg[68.1],10100231
1180,Verapamil Tab 40 Mg[999],10106756
1181,Vildagliptin 50 Mg Tab[M-217],10107019
1182,Vinblastin Sulphate Inj 10mg[999],10106823
1183,Vitamin A Solution 100 Ml[M-218],10100320
1184,Vitamin A (Syrup) One Lac Iu Per Ml[311.2],10100232
1185,Vitamin Cholecalciferol Granules As Sachets-60000 Iu In Sachets[M-275],10106662
1186,Vitamin D 60000 Iu/5 Ml Syrup[M-275],10107103
1187,Vitamin D Drop 400 Iu/Per Ml[M-276],10107374
1188,Vitamin K 1mg/Ml Inj.[M-277],10106902
1189,Vitamin Tab.- Vit E 200mg (Sofgel)[999],10106674
1190,Vitamin Tab.- Vit E 400mg (Sofgel)[M-274],10106675
1191,Vs True Blue 2-0[20010],10100331
1192,Wax Sheet[999],10106868
1193,White Soft Paraffin I.P. 1k Pack[C48],10100309
1194,With Cuffed Endotracheal Tube Size : 6.5[999999],10106729
1195,With Cuffed Endotracheal Tube Size : 6[999],10106728
1196,With Cuffed Endotracheal Tube Size : 7.5[999],10106731
1197,With Cuffed Endotracheal Tube Size : 7[999999999],10106730
1198,With Cuffed Endotracheal Tube Size : 8[999],10107172
1199,X-Ray Film 10 X 12 Blue Base[999],10106638
1200,X-Ray Film 12 X 15 Blue Base[999],10106639
1201,X-Ray Film 14 X 17 Blue Base[999],10106640
1202,X-Ray Film 8 X 10 Blue Base[999],10106641
1203,Xylocaine 4%(30ml)[M-220],10107390
1204,Xylometazolin Hcl Nasal Sol. Usp 0.1 % W/V[188.1],10100233
1205,Xylometazolino 0.1 % And Saline Nasal Drops 10ml.[661.1],10100234
1206,Xylomethazoline 0.05%[999],10107378
1207,Xylomethazoline 0.1%[M-221],10107437
1208,Yankauer Suction Tip[C-158],10106553
1209,Zinc Oxide Eugenol Paste (Impression Paste)Tubes[999999999],10106870
1210,Zinc Oxide Powder(110gm) Andeugenol Liq[999],10107058
1211,Zinc Sulphate 20 Mg/5 Ml Syrup (120ml)[999],10107147
1212,Zinc Sulphate Dispersible Tab  20mg[M-222],10100235
1213,Zoledronic Acid Inj 4mg[999999],10106799
1214,Zolpidem 10mg Tab[999],10107085
1215,Zolpidem 12.5mg Er Tab[999],10107148
